<?xml version="1.0" encoding="UTF-8"?>

<channel name="xfce4-desktop" version="1.0">
  <property name="backdrop" type="empty">
    <property name="screen0" type="empty">
      <property name="monitoreDP-1" type="empty">
        <property name="workspace0" type="empty">
          <property name="color-style" type="int" value="0"/>
          <property name="image-style" type="int" value="5"/>
          <property name="last-image" type="string" value="/var/mnt/Data/Home/Pictures/f39-01-night.png"/>
          <property name="rgba1" type="array">
            <value type="double" value="0.033333333333333333"/>
            <value type="double" value="0.0015555555555555544"/>
            <value type="double" value="0.0015555555555555544"/>
            <value type="double" value="1"/>
          </property>
        </property>
        <property name="workspace1" type="empty">
          <property name="color-style" type="int" value="0"/>
          <property name="image-style" type="int" value="5"/>
          <property name="last-image" type="string" value="/usr/share/backgrounds/xfce/xfce-shapes.svg"/>
        </property>
        <property name="workspace2" type="empty">
          <property name="color-style" type="int" value="0"/>
          <property name="image-style" type="int" value="5"/>
          <property name="last-image" type="string" value="/usr/share/backgrounds/xfce/xfce-shapes.svg"/>
        </property>
        <property name="workspace3" type="empty">
          <property name="color-style" type="int" value="0"/>
          <property name="image-style" type="int" value="5"/>
          <property name="last-image" type="string" value="/usr/share/backgrounds/xfce/xfce-shapes.svg"/>
        </property>
      </property>
      <property name="monitor0" type="empty">
        <property name="image-path" type="string" value="/var/mnt/Data/Home/Pictures/f39-01-night.png"/>
        <property name="image-show" type="bool" value="true"/>
        <property name="image-style" type="int" value="5"/>
      </property>
    </property>
  </property>
  <property name="last" type="empty">
    <property name="window-width" type="int" value="952"/>
    <property name="window-height" type="int" value="718"/>
  </property>
  <property name="desktop-icons" type="empty">
    <property name="file-icons" type="empty">
      <property name="show-home" type="bool" value="false"/>
      <property name="show-filesystem" type="bool" value="false"/>
      <property name="show-removable" type="bool" value="false"/>
      <property name="show-trash" type="bool" value="false"/>
    </property>
  </property>
</channel>
