<?xml version="1.0" encoding="UTF-8"?>

<channel name="xfce4-terminal" version="1.0">
  <property name="color-selection" type="string" value="#9999c1c1f1f1"/>
  <property name="color-selection-use-default" type="bool" value="false"/>
  <property name="color-bold" type="string" value="#e0e01b1b2424"/>
  <property name="color-bold-use-default" type="bool" value="false"/>
  <property name="color-palette" type="string" value="rgb(0,0,0);rgb(170,0,0);rgb(0,170,0);rgb(170,85,0);rgb(0,0,170);rgb(170,0,170);rgb(0,170,170);rgb(170,170,170);rgb(85,85,85);rgb(255,85,85);rgb(85,255,85);rgb(255,255,85);rgb(85,85,255);rgb(255,85,255);rgb(85,255,255);rgb(255,255,255)"/>
  <property name="font-name" type="string" value="Monospace 18"/>
  <property name="misc-always-show-tabs" type="bool" value="false"/>
  <property name="misc-bell" type="bool" value="false"/>
  <property name="misc-bell-urgent" type="bool" value="false"/>
  <property name="misc-borders-default" type="bool" value="true"/>
  <property name="misc-cursor-blinks" type="bool" value="false"/>
  <property name="misc-cursor-shape" type="string" value="TERMINAL_CURSOR_SHAPE_BLOCK"/>
  <property name="misc-default-geometry" type="string" value="80x24"/>
  <property name="misc-inherit-geometry" type="bool" value="false"/>
  <property name="misc-menubar-default" type="bool" value="true"/>
  <property name="misc-mouse-autohide" type="bool" value="false"/>
  <property name="misc-mouse-wheel-zoom" type="bool" value="true"/>
  <property name="misc-toolbar-default" type="bool" value="false"/>
  <property name="misc-confirm-close" type="bool" value="true"/>
  <property name="misc-cycle-tabs" type="bool" value="true"/>
  <property name="misc-tab-close-buttons" type="bool" value="true"/>
  <property name="misc-tab-close-middle-click" type="bool" value="true"/>
  <property name="misc-tab-position" type="string" value="GTK_POS_TOP"/>
  <property name="misc-highlight-urls" type="bool" value="true"/>
  <property name="misc-middle-click-opens-uri" type="bool" value="false"/>
  <property name="misc-copy-on-select" type="bool" value="false"/>
  <property name="misc-show-relaunch-dialog" type="bool" value="true"/>
  <property name="misc-rewrap-on-resize" type="bool" value="true"/>
  <property name="misc-slim-tabs" type="bool" value="false"/>
  <property name="misc-new-tab-adjacent" type="bool" value="false"/>
  <property name="misc-search-dialog-opacity" type="uint" value="100"/>
  <property name="misc-show-unsafe-paste-dialog" type="bool" value="false"/>
  <property name="misc-right-click-action" type="string" value="TERMINAL_RIGHT_CLICK_ACTION_CONTEXT_MENU"/>
</channel>
