<?xml version="1.0" encoding="UTF-8"?>

<channel name="xfce4-notifyd" version="1.0">
  <property name="log-max-size-enabled" type="bool" value="true"/>
  <property name="applications" type="empty">
    <property name="known_applications" type="array">
      <value type="string" value="Fedora Media Writer"/>
      <value type="string" value="MEGAsync"/>
      <value type="string" value="notify-send"/>
      <value type="string" value="org.freedesktop.network-manager-applet"/>
      <value type="string" value="org.gnome.Epiphany"/>
      <value type="string" value="org.gnome.Terminal"/>
      <value type="string" value="org.xfce.Thunar"/>
      <value type="string" value="vorta"/>
      <value type="string" value="Xfce volume control"/>
      <value type="string" value="Xfce4-notifyd settings"/>
      <value type="string" value="xfce4-power-manager"/>
    </property>
  </property>
  <property name="primary-monitor" type="uint" value="0"/>
  <property name="notify-location" type="uint" value="2"/>
  <property name="date-time-format" type="int" value="0"/>
  <property name="date-time-custom-format" type="string" value="%a %H:%M:%S"/>
  <property name="log-level" type="uint" value="0"/>
  <property name="log-level-apps" type="uint" value="0"/>
  <property name="plugin" type="empty">
    <property name="log-icon-size" type="int" value="16"/>
  </property>
  <property name="theme" type="string" value="Greybird"/>
</channel>
